 use U5E1;
Database changed
mysql> CREATE TABLE customers (
    -> customer_id INT NOT NULL AUTO_INCREMENT PRIMARY KEY,
    -> first_name VARCHAR(255) NOT NULL,
    -> last_name VARCHAR(255) NOT NULL,
    -> email VARCHAR(255) NOT NULL,
    -> address VARCHAR(255) DEFAULT NULL,
    -> city VARCHAR(255) DEFAULT NULL,
    -> state VARCHAR(2) DEFAULT NULL,
    -> zip_code VARCHAR(5) DEFAULT NULL
    -> );
Query OK, 0 rows affected (0.07 sec)

mysql> CREATE TABLE orders (
    -> order_id INT NOT NULL AUTO_INCREMENT PRIMARY KEY,
    -> customer_id INT NOT NULL,
    -> order_placed_date DATE NOT NULL,
    -> FOREIGN KEY (customer_id) REFERENCES customers
    -> (customer_id)
    -> );
Query OK, 0 rows affected (0.25 sec)

 insert into customers values (2, "Ramu", "Kaka", "ramu@gmail.com", "Badarpur", "NEW-DELHI", "DL", "00221"),
    ->         (3, "Farhan", "Akhtar", "farhan@gmail.com", "Jaitpur", "Haryana", "HR", "00222"),
    ->         (4, "Rahul", "Kumar", "rahul@gmail.com", "Lal Kuan", "Haryana", "HR", "00225"),
    ->         (5, "Diljeet", "D'suja", "diljeet@gmail.com", "Chandigarh", "Punjab", "PJ", "11005"),
    ->         (6, "Simran", "Kaur", "simran@gmail.com", "Chandigarh", "Punjab", "PJ", "11005");

 insert into orders values(2,2,"2020-12-6"),
    -> (3,3,"2021-11-9"),
    -> (4,3,"2022-11-12"),
    -> (5,4,"2022-11-12");
Query OK, 4 rows affected (0.01 sec)


 select * from orders; select * from customers;
+----------+-------------+-------------------+
| order_id | customer_id | order_placed_date |
+----------+-------------+-------------------+
|        1 |           2 | 2020-12-05        |
|        2 |           2 | 2020-12-06        |
|        3 |           3 | 2021-11-09        |
|        4 |           3 | 2022-11-12        |
|        5 |           4 | 2022-11-12        |
+----------+-------------+-------------------+
5 rows in set (0.00 sec)

+-------------+------------+-----------+-------------------+------------+-----------+-------+----------+
| customer_id | first_name | last_name | email             | address    | city      | state | zip_code |
+-------------+------------+-----------+-------------------+------------+-----------+-------+----------+
|           2 | Ramu       | Kaka      | ramu@gmail.com    | Badarpur   | NEW-DELHI | DL    | 00221    |
|           3 | Farhan     | Akhtar    | farhan@gmail.com  | Jaitpur    | Haryana   | HR    | 00222    |
|           4 | Rahul      | Kumar     | rahul@gmail.com   | Lal Kuan   | Haryana   | HR    | 00225    |
|           5 | Diljeet    | D'suja    | diljeet@gmail.com | Chandigarh | Punjab    | PJ    | 11005    |
|           6 | Simran     | Kaur      | simran@gmail.com  | Chandigarh | Punjab    | PJ    | 11005    |
+-------------+------------+-----------+-------------------+------------+-----------+-------+----------+
5 rows in set (0.00 sec)
SELECT * FROM customers 
group by `Group`
ORDER BY COUNT(Group)




 select email, count from customers JOIN (select customer_id,COUNT(customer_id) AS count from orders group by customer_id ORDER BY COUNT DESC) query2 ON customers.customer_id=query2.customer_id;
+------------------+-------+
| email            | count |
+------------------+-------+
| ramu@gmail.com   |     2 |
| farhan@gmail.com |     2 |
| rahul@gmail.com  |     1 |
+------------------+-------+
